{
  "version": "1.0",
  "defaultProvider": "cdnjs",
  "libraries": [
    {
      "library": "font-awesome@5.14.0",
      "destination": "wwwroot/lib/font-awesome/"
    },
    {
      "library": "popper.js@2.4.4",
      "destination": "wwwroot/lib/popper.js/"
    },
    {
      "library": "datatables@1.10.21",
      "destination": "wwwroot/lib/datatables/"
    },
    {
      "library": "bootstrap-datepicker@1.9.0",
      "destination": "wwwroot/lib/bootstrap-datepicker/"
    },
    {
      "library": "AlertifyJS@1.13.1",
      "destination": "wwwroot/lib/AlertifyJS/"
    },
    {
      "library": "jquery-ajax-unobtrusive@3.2.6",
      "destination": "wwwroot/lib/jquery-ajax-unobtrusive/"
    }
  ]
}